Rank,Ticker,Sector,Industry,Exchange,Relative Strength,Percentile,1 Month Ago,3 Months Ago,6 Months Ago
1,BCTX,Healthcare,Biotechnology,NASDAQ,333.65,99,99,18,3
2,AZ,Technology,Software - Application,NASDAQ,322.59,99,99,99,31
3,ALTS,Technology,Software - Application,NASDAQ,299.38,99,99,95,98
4,APP,Technology,Software - Application,NASDAQ,283.87,99,99,99,95
5,ASTS,Technology,Communication Equipment,NASDAQ,276.75,99,99,98,99
6,ATHE,Healthcare,Biotechnology,NASDAQ,256.47,99,98,23,12
7,BBAI,Technology,Information Technology Services,NYSE,246.36,99,98,81,23
8,AGFY,Industrials,Farm & Heavy Construction Machinery,NASDAQ,235.01,98,99,99,8
9,ADUR,Industrials,Pollution & Treatment Controls,NASDAQ,197.64,98,98,98,99
10,ALBT,Real Estate,Real Estate Services,NASDAQ,186.82,98,24,6,9
11,ALLT,Technology,Software - Infrastructure,NASDAQ,185.87,98,99,95,96
12,AUR,Technology,Information Technology Services,NASDAQ,185.64,98,92,97,95
13,ACHR,Industrials,Aerospace & Defense,NYSE,183.05,98,97,97,20
14,API,Technology,Software - Application,NASDAQ,178.67,97,97,97,20
15,ARIS,Utilities,Utilities - Regulated Water,NYSE,178.18,97,96,96,93
16,AXGN,Healthcare,Medical Devices,NASDAQ,176.61,97,95,90,97
17,AKRO,Healthcare,Biotechnology,NASDAQ,176.46,97,97,86,58
18,ALHC,Healthcare,Healthcare Plans,NASDAQ,174.94,97,95,92,93
19,BB,Technology,Software - Infrastructure,NYSE,171.33,97,93,35,17
20,BBAR,Financial Services,Banks - Regional,NYSE,170.2,96,97,95,95
21,ADPT,Healthcare,Biotechnology,NASDAQ,169.05,96,96,88,51
22,AOUT,Consumer Cyclical,Leisure,NASDAQ,167.99,96,95,63,65
23,ATYR,Healthcare,Biotechnology,NASDAQ,167.94,96,93,96,63
24,AENT,Communication Services,Entertainment,NASDAQ,166.87,96,98,99,30
25,APPS,Technology,Software - Application,NASDAQ,163.55,96,26,7,62
26,AISP,Technology,Software - Infrastructure,NASDAQ,159.55,95,93,42,10
27,ALK,Industrials,Airlines,NYSE,157.67,95,94,85,40
28,ATER,Consumer Cyclical,"Furnishings, Fixtures & Appliances",NASDAQ,157.45,95,96,99,99
29,AS,Consumer Cyclical,Leisure,NYSE,155.84,95,97,94,41
30,BABA,Consumer Cyclical,Internet Retail,NYSE,153.91,95,78,61,54
31,BE,Industrials,Electrical Equipment & Parts,NYSE,152.89,95,96,97,24
32,ADTN,Technology,Communication Equipment,NASDAQ,151.9,95,94,90,28
33,AMPG,Technology,Communication Equipment,NASDAQ,149.71,94,87,22,9
34,AGX,Industrials,Engineering & Construction,NYSE,149.46,94,94,97,90
35,AFRM,Technology,Software - Infrastructure,NASDAQ,147.99,94,92,95,86
36,AHR,Real Estate,REIT - Healthcare Facilities,NYSE,144.97,94,92,94,95
37,ATAT,Consumer Cyclical,Lodging,NASDAQ,142.57,94,86,82,64
38,AMPX,Industrials,Electrical Equipment & Parts,NYSE,141.12,94,96,86,5
39,ASM,Basic Materials,Other Precious Metals & Mining,NYSE MKT,138.82,93,88,90,93
40,ACR,Real Estate,REIT - Mortgage,NYSE,136.88,93,85,89,95
41,ATLC,Financial Services,Credit Services,NASDAQ,136.83,93,93,94,70
42,AXSM,Healthcare,Biotechnology,NASDAQ,136.63,93,80,74,84
43,ATGE,Consumer Defensive,Education & Training Services,NYSE,136.25,93,92,88,86
44,ADMA,Healthcare,Biotechnology,NASDAQ,135.49,93,93,98,99
45,BAFN,Financial Services,Banks - Regional,NASDAQ,133.58,92,76,56,74
46,APLD,Technology,Information Technology Services,NASDAQ,133.31,92,89,98,65
47,ANGO,Healthcare,Medical Instruments & Supplies,NASDAQ,131.98,92,94,52,74
48,AGI,Basic Materials,Gold,NYSE,131.49,92,82,66,85
49,BCS,Financial Services,Banks - Diversified,NYSE,131.38,92,86,84,90
50,ACCD,Healthcare,Health Information Services,NASDAQ,130.52,92,89,11,8
51,ATSG,Industrials,Airlines,NASDAQ,130.15,91,87,89,64
52,AIOT,Technology,Software - Infrastructure,NASDAQ,130.14,91,87,94,93
53,AAOI,Technology,Communication Equipment,NASDAQ,130.1,91,97,98,42
54,ATEN,Technology,Software - Infrastructure,NYSE,129.78,91,88,76,40
55,ALTM,Basic Materials,Specialty Chemicals,NYSE,129.58,91,81,88,7
56,AXIL,Technology,Consumer Electronics,NYSE MKT,129.35,91,44,9,8
57,ACHL,Healthcare,Biotechnology,NASDAQ,129.29,90,81,75,21
58,AEM,Basic Materials,Gold,NYSE,129.23,90,85,80,91
59,AREN,Communication Services,Internet Content & Information,NYSE MKT,128.72,90,91,79,13
60,ASA,Financial Services,Asset Management,NYSE,128.68,90,80,71,78
61,AHG,Healthcare,Medical Distribution,NASDAQ,126.17,90,86,17,45
62,ATEC,Healthcare,Medical Devices,NASDAQ,125.96,90,88,65,10
63,AXON,Industrials,Aerospace & Defense,NASDAQ,125.3,90,95,96,90
64,ACIW,Technology,Software - Infrastructure,NASDAQ,124.89,89,85,90,96
65,AVGO,Technology,Semiconductors,NASDAQ,124.63,89,88,75,89
66,BBVA,Financial Services,Banks - Diversified,NYSE,124.36,89,75,31,57
67,AVXL,Healthcare,Biotechnology,NASDAQ,123.87,89,94,93,56
68,BBW,Consumer Cyclical,Specialty Retail,NYSE,123.76,89,89,82,86
69,ATRC,Healthcare,Medical Instruments & Supplies,NASDAQ,123.67,89,90,78,29
70,ADEA,Technology,Software - Application,NASDAQ,123.57,88,68,55,69
71,ATXG,Industrials,Integrated Freight & Logistics,NASDAQ,123.5,88,29,15,9
72,AMBO,Consumer Defensive,Education & Training Services,NYSE MKT,122.88,88,91,81,17
73,ARQT,Healthcare,Biotechnology,NASDAQ,122.86,88,92,97,98
74,APEI,Consumer Defensive,Education & Training Services,NASDAQ,122.26,88,91,92,94
75,AVPT,Technology,Software - Infrastructure,NASDAQ,121.33,88,95,94,93
76,ARGX,Healthcare,Biotechnology,NASDAQ,121.32,87,88,85,86
77,AADI,Healthcare,Biotechnology,NASDAQ,120.3,87,91,55,18
78,ACMR,Technology,Semiconductor Equipment & Materials,NASDAQ,120.3,87,54,25,22
79,AROC,Energy,Oil & Gas Equipment & Services,NYSE,120.0,87,91,86,79
80,ACRS,Healthcare,Diagnostics & Research,NASDAQ,119.67,87,93,99,32
81,BBLGW,Healthcare,Medical Devices,NASDAQ,119.62,87,98,99,99
82,ATOM,Technology,Semiconductor Equipment & Materials,NASDAQ,119.61,86,96,92,8
83,AVAL,Financial Services,Banks - Regional,NYSE,119.14,86,83,31,31
84,ASAN,Technology,Software - Application,NYSE,118.01,86,90,38,20
85,ARBB,Technology,Information Technology Services,NASDAQ,117.75,86,28,34,2
86,BBIO,Healthcare,Biotechnology,NASDAQ,117.74,86,85,28,63
87,AXS,Financial Services,Insurance - Specialty,NYSE,117.45,86,84,83,82
88,AEE,Utilities,Utilities - Regulated Electric,NYSE,117.05,86,76,72,72
89,AMPL,Technology,Software - Application,NASDAQ,116.98,85,77,58,28
90,ADSE,Industrials,Electrical Equipment & Parts,NASDAQ,116.43,85,89,87,90
91,BCRX,Healthcare,Biotechnology,NASDAQ,116.24,85,81,60,88
92,BAM,Financial Services,Asset Management,NYSE,116.17,85,85,87,67
93,ALKS,Healthcare,Drug Manufacturers - Specialty & Generic,NASDAQ,115.91,85,77,57,46
94,AU,Basic Materials,Gold,NYSE,115.46,85,78,50,92
95,AR,Energy,Oil & Gas E&P,NYSE,114.37,84,86,72,32
96,ASPI,Basic Materials,Chemicals,NASDAQ,114.05,84,94,96,42
97,ALNY,Healthcare,Biotechnology,NASDAQ,114.03,84,84,83,95
98,ALGT,Industrials,Airlines,NASDAQ,114.03,84,92,91,13
99,ABT,Healthcare,Medical Devices,NYSE,113.77,84,74,54,58
100,AIRE,Real Estate,Real Estate Services,NASDAQ,113.68,84,79,21,24
101,AON,Financial Services,Insurance Brokers,NYSE,113.59,83,71,72,73
102,AJG,Financial Services,Insurance Brokers,NYSE,113.58,83,71,67,80
103,BANR,Financial Services,Banks - Regional,NASDAQ,113.46,83,83,89,84
104,ARLO,Industrials,Building Products & Equipment,NYSE,112.99,83,54,39,43
105,ATMU,Industrials,Pollution & Treatment Controls,NYSE,112.57,83,86,91,88
106,AKBA,Healthcare,Drug Manufacturers - Specialty & Generic,NASDAQ,112.45,83,90,91,77
107,AWX,Industrials,Waste Management,NYSE MKT,112.37,82,90,84,76
108,AMPS,Utilities,Utilities - Renewable,NYSE,111.91,82,53,57,13
109,AZPN,Technology,Software - Application,NASDAQ,111.54,82,80,71,74
110,AMRX,Healthcare,Drug Manufacturers - Specialty & Generic,NASDAQ,111.45,82,78,81,96
111,ASUR,Technology,Software - Application,NASDAQ,111.35,82,83,66,43
112,ALTR,Technology,Software - Infrastructure,NASDAQ,111.05,82,75,77,69
113,AUPH,Healthcare,Biotechnology,NASDAQ,110.93,81,77,83,58
114,BCOW,Financial Services,Banks - Regional,NASDAQ,110.88,81,71,82,83
115,ADN,Utilities,Utilities - Renewable,NASDAQ,110.79,81,95,80,7
116,ATO,Utilities,Utilities - Regulated Gas,NYSE,110.76,81,69,75,75
117,BBUC,Financial Services,Asset Management,NYSE,110.52,81,57,80,65
118,ABBV,Healthcare,Drug Manufacturers - General,NYSE,110.41,81,45,53,80
119,ATUS,Communication Services,Telecom Services,NYSE,109.93,81,79,58,27
120,ALDX,Healthcare,Biotechnology,NASDAQ,109.77,80,82,68,94
121,ACAD,Healthcare,Biotechnology,NASDAQ,109.1,80,62,26,25
122,BCML,Financial Services,Banks - Regional,NASDAQ,108.8,80,80,84,70
123,AXP,Financial Services,Credit Services,NYSE,108.42,80,83,83,85
124,BCSF,Financial Services,Asset Management,NYSE,107.98,80,67,49,63
125,ADP,Technology,Software - Application,NASDAQ,107.9,80,73,72,68
126,BANF,Financial Services,Banks - Regional,NASDAQ,107.79,79,75,83,77
127,AVAH,Healthcare,Medical Care Facilities,NASDAQ,107.64,79,88,94,99
128,AM,Energy,Oil & Gas Midstream,NYSE,107.63,79,73,63,67
129,AZO,Consumer Cyclical,Specialty Retail,NYSE,107.55,79,68,55,73
130,AIP,Technology,Semiconductors,NASDAQ,107.26,79,91,74,54
131,AAPL,Technology,Consumer Electronics,NASDAQ,107.17,79,72,69,79
132,AZZ,Industrials,Specialty Business Services,NYSE,107.15,78,75,82,81
133,AWI,Industrials,Building Products & Equipment,NYSE,107.12,78,78,86,82
134,AP,Industrials,Metal Fabrication,NYSE,107.12,78,81,62,40
135,BBU,Industrials,Conglomerates,NYSE,106.82,78,57,84,64
136,ATEX,Communication Services,Telecom Services,NASDAQ,106.66,78,31,38,60
137,ASND,Healthcare,Biotechnology,NASDAQ,106.64,78,43,52,39
138,AMSC,Industrials,Specialty Industrial Machinery,NASDAQ,106.61,77,90,96,93
139,AEP,Utilities,Utilities - Regulated Electric,NASDAQ,106.56,77,63,58,82
140,AMZN,Consumer Cyclical,Internet Retail,NASDAQ,106.2,77,83,73,66
141,AGAE,Communication Services,Entertainment,NASDAQ,106.16,77,43,48,94
142,ABCB,Financial Services,Banks - Regional,NYSE,106.09,77,74,85,89
143,APO,Financial Services,Asset Management,NYSE,106.07,77,87,92,61
144,AMP,Financial Services,Asset Management,NYSE,105.85,77,78,85,73
145,AIT,Industrials,Industrial Distribution,NYSE,105.6,76,81,89,70
146,BBSI,Industrials,Staffing & Employment Services,NASDAQ,105.6,76,83,81,81
147,AER,Industrials,Rental & Leasing Services,NYSE,105.56,76,62,69,79
148,AKR,Real Estate,REIT - Retail,NYSE,105.23,76,70,86,91
149,BANL,Energy,Oil & Gas Midstream,NASDAQ,105.11,76,74,60,12
150,BAC,Financial Services,Banks - Diversified,NYSE,105.11,76,76,79,77
151,ABG,Consumer Cyclical,Auto & Truck Dealerships,NYSE,105.03,75,84,63,52
152,APD,Basic Materials,Specialty Chemicals,NYSE,104.86,75,78,76,50
153,ARES,Financial Services,Asset Management,NYSE,104.64,75,85,81,76
154,ACB,Healthcare,Drug Manufacturers - Specialty & Generic,NASDAQ,104.4,75,14,34,80
155,ADT,Industrials,Security & Protection Services,NYSE,103.79,75,66,59,64
156,AHCO,Healthcare,Medical Devices,NASDAQ,103.74,75,66,40,67
157,AFL,Financial Services,Insurance - Life,NYSE,103.64,74,70,74,88
158,AAL,Industrials,Airlines,NASDAQ,103.58,74,82,73,27
159,ALSN,Consumer Cyclical,Auto Parts,NYSE,103.55,74,89,91,88
160,BCH,Financial Services,Banks - Regional,NYSE,103.34,74,62,33,69
161,AGS,Consumer Cyclical,Gambling,NYSE,103.25,74,74,65,84
162,ADC,Real Estate,REIT - Retail,NYSE,103.1,74,67,70,82
163,AUNA,Healthcare,Medical Care Facilities,NYSE,102.95,73,68,24,21
164,ARCC,Financial Services,Asset Management,NASDAQ,102.89,73,68,54,49
165,AIG,Financial Services,Insurance - Diversified,NYSE,102.63,73,47,49,59
166,ANET,Technology,Computer Hardware,NYSE,102.58,73,87,86,87
167,AB,Financial Services,Asset Management,NYSE,102.55,73,69,61,54
168,ATRO,Industrials,Aerospace & Defense,NASDAQ,102.3,73,40,22,75
169,ARLP,Energy,Thermal Coal,NASDAQ,102.21,72,76,79,60
170,AGM,Financial Services,Credit Services,NYSE,102.1,72,57,64,65
171,AMAL,Financial Services,Banks - Regional,NASDAQ,102.01,72,71,84,92
172,BCV,Financial Services,Asset Management,NYSE MKT,101.94,72,71,66,49
173,APG,Industrials,Engineering & Construction,NYSE,101.74,72,64,59,41
174,ALL,Financial Services,Insurance - Property & Casualty,NYSE,101.74,72,69,76,87
175,BBY,Consumer Cyclical,Specialty Retail,NYSE,101.67,72,61,51,82
176,AIFF,Technology,Software - Application,NASDAQ,101.63,71,19,9,9
177,AN,Consumer Cyclical,Auto & Truck Dealerships,NYSE,101.62,71,76,62,63
178,BANX,Financial Services,Asset Management,NASDAQ,101.53,71,63,58,74
179,ATHM,Communication Services,Internet Content & Information,NYSE,101.53,71,66,51,43
180,ALAB,Technology,Semiconductors,NASDAQ,101.37,71,90,95,15
181,ABSI,Healthcare,Biotechnology,NASDAQ,101.36,71,32,28,92
182,AVA,Utilities,Utilities - Diversified,NYSE,101.35,70,45,53,72
183,AVB,Real Estate,REIT - Residential,NYSE,101.33,70,63,68,81
184,AIV,Real Estate,REIT - Residential,NYSE,101.17,70,66,58,76
185,ALCO,Consumer Defensive,Farm Products,NASDAQ,100.96,70,72,35,61
186,AGNC,Real Estate,REIT - Mortgage,NASDAQ,100.83,70,59,40,62
187,AYI,Industrials,Electrical Equipment & Parts,NYSE,100.77,70,79,84,72
188,ASLE,Industrials,Airports & Air Services,NASDAQ,100.39,69,54,30,9
189,ABM,Industrials,Specialty Business Services,NYSE,100.33,69,64,70,82
190,AC,Financial Services,Asset Management,NYSE,100.1,69,59,56,37
191,AEMD,Healthcare,Medical Devices,NASDAQ,100.04,69,86,15,6
192,ADI,Technology,Semiconductors,NASDAQ,100.02,69,43,50,61
193,AUST,Basic Materials,Gold,NYSE MKT,100.0,68,58,96,55
194,SPY,--- Reference ---,n/a,--- Reference ---,100.0,68,70,64,70
195,ACNT,Basic Materials,Steel,NASDAQ,99.94,68,70,59,59
196,ASB,Financial Services,Banks - Regional,NYSE,99.92,68,68,79,71
197,AFJKU,Financial Services,Shell Companies,NASDAQ,99.9,68,49,45,53
198,AZN,Healthcare,Drug Manufacturers - General,NASDAQ,99.83,68,41,27,77
199,ATAI,Healthcare,Biotechnology,NASDAQ,99.76,68,67,80,26
200,BAOS,Communication Services,Advertising Agencies,NASDAQ,99.63,68,82,11,17
201,AEIS,Industrials,Electrical Equipment & Parts,NASDAQ,99.58,67,61,63,33
202,ACT,Financial Services,Insurance - Specialty,NASDAQ,99.57,67,60,62,81
203,AUDC,Technology,Communication Equipment,NASDAQ,99.4,67,42,22,32
204,BARK,Consumer Cyclical,Specialty Retail,NYSE,99.22,67,90,92,90
205,ALE,Utilities,Utilities - Diversified,NYSE,98.99,67,60,54,60
206,AQU,Financial Services,Shell Companies,NASDAQ,98.97,67,60,42,51
207,AMGN,Healthcare,Drug Manufacturers - General,NASDAQ,98.86,66,34,31,76
208,ALTO,Basic Materials,Specialty Chemicals,NASDAQ,98.83,66,35,23,18
209,BDC,Technology,Communication Equipment,NYSE,98.76,66,79,85,77
210,BDJ,Financial Services,Asset Management,NYSE,98.72,66,60,57,59
211,ALCYU,Financial Services,Shell Companies,NASDAQ,98.65,66,51,40,63
212,AIZ,Financial Services,Insurance - Property & Casualty,NYSE,98.39,66,77,75,78
213,AVO,Consumer Defensive,Food Distribution,NASDAQ,98.35,65,60,78,56
214,ACI,Consumer Defensive,Grocery Stores,NYSE,98.26,65,53,37,31
215,AFJK,Financial Services,Shell Companies,NASDAQ,98.21,65,54,45,49
216,AITR,Financial Services,Shell Companies,NASDAQ,98.08,65,56,47,48
217,AME,Industrials,Specialty Industrial Machinery,NYSE,98.0,65,66,64,44
218,AIMAU,Financial Services,Shell Companies,NASDAQ,97.72,65,73,51,53
219,ATMC,Financial Services,Shell Companies,NASDAQ,97.59,64,56,46,51
220,BCPC,Basic Materials,Specialty Chemicals,NASDAQ,97.55,64,48,65,79
221,BAYA,Financial Services,Shell Companies,NASDAQ,97.53,64,55,49,49
222,ACNB,Financial Services,Banks - Regional,NASDAQ,97.53,64,55,77,79
223,ALC,Healthcare,Medical Instruments & Supplies,NYSE,97.52,64,62,41,71
224,AQUNU,Financial Services,Shell Companies,NASDAQ,97.51,64,65,39,63
225,AIMBU,Financial Services,Shell Companies,NASDAQ,97.48,63,65,48,55
226,BBDC,Financial Services,Asset Management,NYSE,97.47,63,59,49,58
227,BATRA,Communication Services,Entertainment,NASDAQ,97.44,63,47,37,60
228,AGNCP,Real Estate,REIT - Mortgage,NASDAQ,97.33,63,54,50,57
229,BA,Industrials,Aerospace & Defense,NYSE,97.28,63,59,22,23
230,ATMV,Financial Services,Shell Companies,NASDAQ,97.21,63,56,44,51
231,ARMK,Industrials,Specialty Business Services,NYSE,97.13,63,74,76,83
232,ATLO,Financial Services,Banks - Regional,NASDAQ,97.11,62,39,27,36
233,ADSK,Technology,Software - Application,NASDAQ,97.1,62,77,73,71
234,AWK,Utilities,Utilities - Regulated Water,NYSE,96.97,62,36,44,71
235,AOD,Financial Services,Asset Management,NYSE,96.81,62,54,51,66
236,AL,Industrials,Rental & Leasing Services,NYSE,96.71,62,48,68,50
237,ALCY,Financial Services,Shell Companies,NASDAQ,96.69,62,55,49,53
238,AGNCL,Real Estate,REIT - Mortgage,NASDAQ,96.59,61,51,55,56
239,BAP,Financial Services,Banks - Regional,NYSE,96.58,61,63,65,74
240,ATMVU,Financial Services,Shell Companies,NASDAQ,96.52,61,55,41,50
241,AMBA,Technology,Semiconductor Equipment & Materials,NASDAQ,96.46,61,87,77,34
242,AMWL,Healthcare,Health Information Services,NYSE,96.45,61,67,25,13
243,AACT,Financial Services,Shell Companies,NYSE,96.44,61,52,45,51
244,AUBN,Financial Services,Banks - Regional,NASDAQ,96.41,60,65,69,36
245,ASNS,Technology,Communication Equipment,NASDAQ,96.4,60,70,77,38
246,ABUS,Healthcare,Biotechnology,NASDAQ,96.23,60,50,63,97
247,AWF,Financial Services,Asset Management,NYSE,96.2,60,52,47,64
248,AORT,Healthcare,Medical Devices,NYSE,96.07,60,86,82,87
249,ANIP,Healthcare,Drug Manufacturers - Specialty & Generic,NASDAQ,96.03,60,44,32,40
250,AGNCO,Real Estate,REIT - Mortgage,NASDAQ,95.89,59,52,46,54
251,ARI,Real Estate,REIT - Mortgage,NYSE,95.89,59,33,24,43
252,ATLCP,Financial Services,Credit Services,NASDAQ,95.87,59,57,56,56
253,ANSCU,Financial Services,Shell Companies,NASDAQ,95.86,59,52,45,48
254,ARQQ,Technology,Software - Infrastructure,NASDAQ,95.85,59,98,95,10
255,ANSC,Financial Services,Shell Companies,NASDAQ,95.84,59,52,43,47
256,BBN,Financial Services,Asset Management,NYSE,95.81,59,48,44,68
257,ATMCU,Financial Services,Shell Companies,NASDAQ,95.77,58,55,47,52
258,AGRO,Consumer Defensive,Farm Products,NYSE,95.66,58,32,47,68
259,AXR,Real Estate,Real Estate - Development,NYSE,95.5,58,79,93,71
260,AX,Financial Services,Banks - Regional,NYSE,95.35,58,70,91,91
261,ASX,Technology,Semiconductors,NYSE,95.26,58,50,43,36
262,AFBI,Financial Services,Banks - Regional,NASDAQ,95.25,58,40,66,84
263,AEG,Financial Services,Insurance - Diversified,NYSE,95.19,57,58,59,54
264,AFB,Financial Services,Asset Management,NYSE,95.18,57,49,50,60
265,BDN,Real Estate,REIT - Office,NYSE,94.96,57,66,70,68
266,BCAL,Financial Services,Banks - Regional,NASDAQ,94.95,57,65,73,52
267,ABVC,Healthcare,Biotechnology,NASDAQ,94.9,57,10,10,14
268,AMT,Real Estate,REIT - Specialty,NYSE,94.66,56,35,36,78
269,AMTB,Financial Services,Banks - Regional,NYSE,94.66,56,56,65,43
270,ACN,Technology,Information Technology Services,NYSE,94.65,56,68,57,57
271,AITRU,Financial Services,Shell Companies,NASDAQ,94.62,56,53,48,48
272,AGNCM,Real Estate,REIT - Mortgage,NASDAQ,94.57,56,51,44,53
273,APH,Technology,Electronic Components,NYSE,94.52,56,72,77,75
274,ARM,Technology,Semiconductors,NASDAQ,94.51,56,84,78,87
275,AGO,Financial Services,Insurance - Specialty,NYSE,94.37,55,73,68,62
276,AMCR,Consumer Cyclical,Packaging & Containers,NYSE,94.08,55,41,49,76
277,AGNCN,Real Estate,REIT - Mortgage,NASDAQ,94.05,55,50,39,45
278,ABNB,Consumer Cyclical,Travel Services,NASDAQ,93.95,55,34,50,24
279,ANIX,Healthcare,Biotechnology,NASDAQ,93.95,55,23,49,72
280,AIRTP,Industrials,Conglomerates,NASDAQ,93.88,55,41,43,39
281,BATRK,Communication Services,Entertainment,NASDAQ,93.75,54,41,43,63
282,ALNT,Technology,Electronic Components,NASDAQ,93.74,54,68,54,18
283,ACM,Industrials,Engineering & Construction,NYSE,93.67,54,64,78,67
284,BAYAU,Financial Services,Shell Companies,NASDAQ,93.56,54,52,48,48
285,ARQQW,Technology,Software - Infrastructure,NASDAQ,93.53,54,47,40,45
286,ARAY,Healthcare,Medical Devices,NASDAQ,93.5,54,71,46,29
287,ANSS,Technology,Software - Application,NASDAQ,93.43,54,63,61,41
288,ARR,Real Estate,REIT - Mortgage,NYSE,93.36,53,44,36,45
289,AWP,Financial Services,Asset Management,NYSE,93.31,53,43,60,76
290,AXTA,Basic Materials,Specialty Chemicals,NYSE,93.1,53,64,68,61
291,AMG,Financial Services,Asset Management,NYSE,93.04,53,65,68,74
292,ATI,Industrials,Metal Fabrication,NYSE,93.02,53,58,60,80
293,BCX,Financial Services,Asset Management,NYSE,92.88,53,44,52,45
294,ADX,Financial Services,Asset Management,NYSE,92.84,52,49,51,69
295,ALEX,Real Estate,REIT - Retail,NYSE,92.79,52,42,59,73
296,AVK,Financial Services,Asset Management,NYSE,92.74,52,57,46,66
297,ASTE,Industrials,Farm & Heavy Construction Machinery,NASDAQ,92.68,52,51,65,29
298,ASIX,Basic Materials,Chemicals,NYSE,92.62,52,72,73,57
299,AMSF,Financial Services,Insurance - Specialty,NASDAQ,92.53,52,46,72,51
300,AMH,Real Estate,REIT - Residential,NYSE,92.43,51,38,42,70
301,ARDC,Financial Services,Asset Management,NYSE,92.27,51,59,53,69
302,AEF,Financial Services,Asset Management,NYSE MKT,92.24,51,56,42,49
303,BCO,Industrials,Security & Protection Services,NYSE,92.19,51,46,45,80
304,BDL,Consumer Cyclical,Restaurants,NYSE MKT,92.11,51,42,33,44
305,AMST,Technology,Software - Application,NASDAQ,92.1,51,81,57,37
306,AVBP,Healthcare,Biotechnology,NASDAQ,92.08,50,80,81,91
307,APTV,Consumer Cyclical,Auto Parts,NYSE,91.87,50,30,14,27
308,AMED,Healthcare,Medical Care Facilities,NASDAQ,91.79,50,42,34,56
309,ACV,Financial Services,Asset Management,NYSE,91.76,50,63,55,47
310,ACEL,Consumer Cyclical,Gambling,NYSE,91.75,50,48,54,64
311,AMLX,Healthcare,Biotechnology,NASDAQ,91.74,50,58,93,11
312,BDX,Healthcare,Medical Instruments & Supplies,NYSE,91.67,49,57,29,38
313,AZEK,Industrials,Building Products & Equipment,NYSE,91.64,49,76,77,50
314,ALX,Real Estate,REIT - Retail,NYSE,91.57,49,28,50,72
315,AWR,Utilities,Utilities - Regulated Water,NYSE,91.55,49,37,59,61
316,APT,Industrials,Building Products & Equipment,NYSE MKT,91.42,49,37,37,75
317,BAX,Healthcare,Medical Instruments & Supplies,NYSE,91.33,49,31,26,58
318,BANC,Financial Services,Banks - Regional,NYSE,91.33,49,67,78,62
319,ASR,Industrials,Airports & Air Services,NYSE,91.02,48,42,34,36
320,ALLE,Industrials,Security & Protection Services,NYSE,90.87,48,49,62,77
321,ARMN,Basic Materials,Gold,NYSE MKT,90.59,48,34,42,91
322,APLE,Real Estate,REIT - Hotel & Motel,NYSE,90.49,48,51,52,31
323,AGCO,Industrials,Farm & Heavy Construction Machinery,NYSE,90.48,48,49,41,24
324,ANTE,Communication Services,Advertising Agencies,NASDAQ,90.19,48,8,25,3
325,AGL,Healthcare,Medical Care Facilities,NYSE,90.17,47,36,3,8
326,AAMI,Financial Services,Asset Management,NYSE,90.05,47,53,87,72
327,AFCG,Real Estate,REIT - Mortgage,NASDAQ,89.97,47,34,61,83
328,AVT,Technology,Electronics & Computer Distribution,NASDAQ,89.94,47,45,56,54
329,APPN,Technology,Software - Infrastructure,NASDAQ,89.92,47,46,64,32
330,AIR,Industrials,Aerospace & Defense,NYSE,89.9,47,65,48,46
331,ALRS,Financial Services,Banks - Regional,NASDAQ,89.83,46,37,53,67
332,AUB,Financial Services,Banks - Regional,NYSE,89.72,46,51,74,79
333,ACIC,Financial Services,Insurance - Property & Casualty,NASDAQ,89.5,46,63,80,77
334,ALKT,Technology,Software - Application,NASDAQ,89.24,46,75,87,89
335,AOMR,Real Estate,REIT - Mortgage,NYSE,89.12,46,45,26,53
336,AROW,Financial Services,Banks - Regional,NASDAQ,89.08,46,45,76,83
337,ALLY,Financial Services,Credit Services,NYSE,89.01,45,59,55,80
338,AMS,Healthcare,Medical Care Facilities,NYSE MKT,88.95,45,53,61,68
339,AIHS,Financial Services,Credit Services,NASDAQ,88.92,45,75,76,97
340,APAM,Financial Services,Asset Management,NYSE,88.91,45,56,67,39
341,ASG,Financial Services,Asset Management,NYSE,88.69,45,61,60,52
342,ARL,Real Estate,Real Estate Services,NYSE,88.62,45,32,35,62
343,ACGLO,Financial Services,Insurance - Diversified,NASDAQ,88.55,44,37,38,55
344,ABEO,Healthcare,Biotechnology,NASDAQ,88.55,44,61,67,78
345,ATR,Healthcare,Medical Instruments & Supplies,NYSE,88.53,44,58,72,67
346,ATS,Industrials,Specialty Industrial Machinery,NYSE,88.45,44,27,51,17
347,AFYA,Consumer Defensive,Education & Training Services,NASDAQ,88.27,44,40,27,39
348,ASRV,Financial Services,Banks - Regional,NASDAQ,88.18,44,49,54,46
349,AIRJ,Industrials,Building Products & Equipment,NASDAQ,88.14,44,39,29,11
350,AVNW,Technology,Communication Equipment,NASDAQ,88.12,43,17,8,23
351,ARBE,Technology,Software - Infrastructure,NASDAQ,88.1,43,81,30,59
352,AIRG,Technology,Communication Equipment,NASDAQ,88.06,43,67,95,96
353,APYX,Healthcare,Medical Devices,NASDAQ,87.83,43,60,33,14
354,ACGLN,Financial Services,Insurance - Diversified,NASDAQ,87.76,43,38,40,55
355,BBCP,Industrials,Engineering & Construction,NASDAQ,87.68,43,82,39,15
356,ALGS,Healthcare,Biotechnology,NASDAQ,87.58,42,95,92,16
357,AMBI,Industrials,Waste Management,NYSE MKT,87.49,42,35,64,22
358,APWC,Industrials,Electrical Equipment & Parts,NASDAQ,87.47,42,49,83,48
359,AOSL,Technology,Semiconductors,NASDAQ,87.45,42,77,89,85
360,BBWI,Consumer Cyclical,Specialty Retail,NYSE,87.4,42,64,39,18
361,AG,Basic Materials,Silver,NYSE,87.36,42,36,56,24
362,AFG,Financial Services,Insurance - Property & Casualty,NYSE,87.22,41,64,63,65
363,AACG,Consumer Defensive,Education & Training Services,NASDAQ,87.1,41,35,77,12
364,ACGL,Financial Services,Insurance - Diversified,NASDAQ,87.07,41,46,44,85
365,ACP,Financial Services,Asset Management,NYSE,86.94,41,34,38,38
366,A,Healthcare,Diagnostics & Research,NYSE,86.49,41,69,42,57
367,ACCS,Communication Services,Advertising Agencies,NYSE MKT,86.39,41,33,19,30
368,ACU,Consumer Defensive,Household & Personal Products,NYSE MKT,86.22,40,28,62,81
369,ACLX,Healthcare,Biotechnology,NASDAQ,86.2,40,50,88,91
370,AEVA,Technology,Software - Infrastructure,NASDAQ,86.03,40,61,87,16
371,AIRI,Industrials,Aerospace & Defense,NYSE MKT,85.8,40,30,58,97
372,ADXN,Healthcare,Biotechnology,NASDAQ,85.71,40,22,37,90
373,ACTG,Industrials,Business Equipment & Supplies,NASDAQ,85.51,40,35,45,66
374,AVNT,Basic Materials,Specialty Chemicals,NYSE,85.43,40,47,72,73
375,ARTW,Industrials,Farm & Heavy Construction Machinery,NASDAQ,85.26,39,50,24,46
376,ALV,Consumer Cyclical,Auto Parts,NYSE,85.11,39,43,28,31
377,AAT,Real Estate,REIT - Diversified,NYSE,84.75,39,44,73,81
378,ALG,Industrials,Farm & Heavy Construction Machinery,NYSE,84.73,39,47,54,34
379,ASO,Consumer Cyclical,Specialty Retail,NASDAQ,84.54,39,43,22,37
380,BDMD,Healthcare,Medical Devices,NASDAQ,84.46,39,84,1,47
381,AAME,Financial Services,Insurance - Life,NASDAQ,84.24,38,37,20,27
382,AQN,Utilities,Utilities - Renewable,NYSE,84.22,38,21,22,26
383,ABEV,Consumer Defensive,Beverages - Brewers,NYSE,83.9,38,23,26,34
384,AVTX,Healthcare,Biotechnology,NASDAQ,83.88,38,21,66,20
385,ARTNA,Utilities,Utilities - Regulated Water,NASDAQ,83.65,38,30,31,37
386,ALGM,Technology,Semiconductors,NASDAQ,83.54,38,38,20,21
387,ACA,Industrials,Engineering & Construction,NYSE,83.51,37,74,79,50
388,AURA,Healthcare,Biotechnology,NASDAQ,83.4,37,29,71,35
389,AA,Basic Materials,Aluminum,NYSE,83.4,37,46,89,34
390,ABR,Real Estate,REIT - Mortgage,NYSE,83.36,37,39,61,35
391,ARKR,Consumer Cyclical,Restaurants,NASDAQ,83.35,37,62,14,25
392,ARQ,Industrials,Pollution & Treatment Controls,NASDAQ,83.33,37,73,93,98
393,ALVO,Healthcare,Drug Manufacturers - Specialty & Generic,NASDAQ,83.12,36,36,36,36
394,ALRM,Technology,Software - Application,NASDAQ,83.08,36,47,53,33
395,APPF,Technology,Software - Application,NASDAQ,82.97,36,72,63,59
396,ACDC,Energy,Oil & Gas Equipment & Services,NASDAQ,82.83,36,61,70,18
397,ARDT,Healthcare,Medical Care Facilities,NYSE,82.69,36,30,29,81
398,AVY,Consumer Cyclical,Packaging & Containers,NYSE,82.69,36,31,33,57
399,ARE,Real Estate,REIT - Office,NYSE,82.65,36,26,30,43
400,AESI,Energy,Oil & Gas Equipment & Services,NYSE,82.61,35,79,69,44
401,ASML,Technology,Semiconductor Equipment & Materials,NASDAQ,82.37,35,33,19,33
402,AIN,Consumer Cyclical,Textile Manufacturing,NYSE,82.2,35,46,30,40
403,ASYS,Technology,Semiconductor Equipment & Materials,NASDAQ,81.75,35,44,28,42
404,ARW,Technology,Electronics & Computer Distribution,NYSE,81.61,35,35,32,49
405,AMRK,Financial Services,Capital Markets,NASDAQ,81.34,35,21,26,89
406,AEI,Real Estate,Real Estate - Development,NASDAQ,81.14,34,25,69,47
407,AIMD,Healthcare,Medical Devices,NASDAQ,81.11,34,53,8,7
408,ASMB,Healthcare,Biotechnology,NASDAQ,81.0,34,45,80,89
409,AZTA,Healthcare,Medical Instruments & Supplies,NASDAQ,80.97,34,59,23,27
410,BCBP,Financial Services,Banks - Regional,NASDAQ,80.86,34,33,70,70
411,AFRI,Consumer Defensive,Farm Products,NASDAQ,80.76,34,33,30,46
412,AWRE,Technology,Software - Application,NASDAQ,80.16,33,28,21,87
413,AMX,Communication Services,Telecom Services,NYSE,80.14,33,26,22,31
414,ALIT,Technology,Software - Application,NYSE,80.1,33,31,45,32
415,ARTL,Healthcare,Biotechnology,NASDAQ,79.61,33,34,18,25
416,ARDX,Healthcare,Biotechnology,NASDAQ,79.55,33,27,31,36
417,ANDE,Consumer Defensive,Food Distribution,NASDAQ,79.52,33,25,31,38
418,ABAT,Basic Materials,Other Industrial Metals & Mining,NASDAQ,79.37,32,69,10,7
419,ACCO,Industrials,Business Equipment & Supplies,NYSE,79.31,32,55,57,47
420,AVAV,Industrials,Aerospace & Defense,NASDAQ,79.18,32,48,66,75
421,AOS,Industrials,Specialty Industrial Machinery,NYSE,79.18,32,27,28,42
422,AIRS,Healthcare,Medical Care Facilities,NASDAQ,78.95,32,24,90,18
423,ADM,Consumer Defensive,Farm Products,NYSE,78.72,32,32,25,35
424,ACTU,Healthcare,Biotechnology,NASDAQ,78.52,31,50,35,36
425,AVIR,Healthcare,Biotechnology,NASDAQ,78.29,31,24,32,48
426,AKAM,Technology,Software - Infrastructure,NASDAQ,78.07,31,41,28,41
427,ADUS,Healthcare,Medical Care Facilities,NASDAQ,78.01,31,72,62,86
428,AMAT,Technology,Semiconductor Equipment & Materials,NASDAQ,77.94,31,40,31,41
429,ADBE,Technology,Software - Infrastructure,NASDAQ,77.91,31,29,32,66
430,AIRT,Industrials,Conglomerates,NASDAQ,77.77,31,54,38,65
431,BALL,Consumer Cyclical,Packaging & Containers,NYSE,77.63,30,32,37,54
432,ARCO,Consumer Cyclical,Restaurants,NYSE,77.58,30,22,20,26
433,AHH,Real Estate,REIT - Diversified,NYSE,77.26,30,29,35,62
434,AKA,Consumer Cyclical,Apparel Retail,NYSE,76.98,30,58,90,98
435,ACVA,Consumer Cyclical,Auto & Truck Dealerships,NASDAQ,76.87,30,83,78,61
436,BBDO,Financial Services,Banks - Regional,NYSE,76.66,30,28,16,56
437,AMRN,Healthcare,Drug Manufacturers - General,NASDAQ,76.64,29,20,12,21
438,BAND,Technology,Software - Infrastructure,NASDAQ,76.4,29,45,79,47
439,ABL,Financial Services,Insurance - Life,NASDAQ,76.34,29,22,21,60
440,AI,Technology,Software - Application,NYSE,76.31,29,80,82,16
441,ALT,Healthcare,Biotechnology,NASDAQ,76.23,29,40,88,84
442,ANIK,Healthcare,Drug Manufacturers - Specialty & Generic,NASDAQ,75.37,29,15,13,68
443,BASE,Technology,Software - Infrastructure,NASDAQ,75.02,28,31,36,24
444,ASRT,Healthcare,Drug Manufacturers - Specialty & Generic,NASDAQ,74.77,28,22,37,68
445,ABCL,Healthcare,Biotechnology,NASDAQ,74.43,28,39,24,10
446,AGIO,Healthcare,Biotechnology,NASDAQ,74.39,28,41,93,90
447,ARWR,Healthcare,Biotechnology,NASDAQ,74.26,28,28,52,29
448,AMBP,Consumer Cyclical,Packaging & Containers,NYSE,74.24,28,19,40,39
449,APA,Energy,Oil & Gas E&P,NASDAQ,74.14,27,26,17,23
450,ANGH,Communication Services,Entertainment,NASDAQ,73.75,27,21,13,22
451,ARHS,Consumer Cyclical,Home Improvement Retail,NASDAQ,73.58,27,73,20,28
452,ASTL,Basic Materials,Steel,NASDAQ,73.53,27,38,74,87
453,AEYE,Technology,Software - Application,NASDAQ,73.44,27,89,98,99
454,APM,Healthcare,Biotechnology,NASDAQ,73.21,27,12,1,33
455,ACRV,Healthcare,Biotechnology,NASDAQ,73.2,27,29,74,78
456,ADAG,Healthcare,Biotechnology,NASDAQ,72.9,26,13,27,89
457,ANGI,Communication Services,Internet Content & Information,NASDAQ,71.77,26,22,18,69
458,AES,Utilities,Utilities - Diversified,NYSE,71.75,26,14,16,34
459,AAON,Industrials,Building Products & Equipment,NASDAQ,71.66,26,77,93,83
460,ASTC,Technology,Scientific & Technical Instruments,NASDAQ,71.49,26,26,17,72
461,BBD,Financial Services,Banks - Regional,NYSE,71.28,26,24,17,53
462,ALGN,Healthcare,Medical Instruments & Supplies,NASDAQ,71.26,25,38,34,26
463,ARMP,Healthcare,Biotechnology,NYSE MKT,71.1,25,20,24,27
464,AGYS,Technology,Software - Application,NASDAQ,70.99,25,40,87,86
465,AVNS,Healthcare,Medical Devices,NYSE,70.67,25,25,25,78
466,AXDX,Healthcare,Medical Devices,NASDAQ,70.64,25,42,41,44
467,AEHR,Technology,Semiconductor Equipment & Materials,NASDAQ,70.45,25,18,19,20
468,BC,Consumer Cyclical,Recreational Vehicles,NYSE,70.38,24,27,40,38
469,AMPY,Energy,Oil & Gas E&P,NYSE,69.77,24,23,53,59
470,BCE,Communication Services,Telecom Services,NYSE,69.5,24,15,15,39
471,BCC,Basic Materials,Building Materials,NYSE,69.46,24,39,67,51
472,AVD,Basic Materials,Agricultural Inputs,NYSE,69.31,24,23,18,13
473,ALTI,Financial Services,Asset Management,NASDAQ,69.21,24,26,33,15
474,AXL,Consumer Cyclical,Auto Parts,NYSE,69.19,23,21,36,25
475,ATNI,Communication Services,Telecom Services,NASDAQ,68.84,23,9,13,40
476,AMTD,Financial Services,Asset Management,NYSE,68.83,23,14,20,14
477,ARCT,Healthcare,Biotechnology,NASDAQ,68.54,23,19,14,11
478,APGE,Healthcare,Biotechnology,NASDAQ,68.47,23,32,75,94
479,ACIU,Healthcare,Biotechnology,NASDAQ,68.17,23,31,36,23
480,AVTR,Healthcare,Medical Instruments & Supplies,NYSE,67.91,22,36,24,71
481,AAP,Consumer Cyclical,Specialty Retail,NYSE,67.72,22,47,18,14
482,AVDX,Technology,Software - Infrastructure,NASDAQ,67.45,22,69,67,19
483,ASGN,Technology,Information Technology Services,NYSE,67.38,22,36,35,45
484,AMKR,Technology,Semiconductor Equipment & Materials,NASDAQ,67.27,22,24,23,37
485,AHT,Real Estate,REIT - Hotel & Motel,NYSE,67.19,22,36,15,11
486,ABVX,Healthcare,Biotechnology,NASDAQ,66.85,22,7,12,58
487,ANTX,Healthcare,Biotechnology,NASDAQ,66.82,21,12,27,3
488,ADIL,Healthcare,Biotechnology,NASDAQ,66.38,21,18,14,12
489,ALB,Basic Materials,Specialty Chemicals,NYSE,65.94,21,25,46,14
490,ALLO,Healthcare,Biotechnology,NASDAQ,65.92,21,13,26,26
491,AMBC,Financial Services,Insurance - Specialty,NYSE,65.89,21,31,30,22
492,BAH,Industrials,Consulting Services,NYSE,65.77,21,24,41,73
493,ASH,Basic Materials,Specialty Chemicals,NYSE,65.68,20,17,23,35
494,ANF,Consumer Cyclical,Apparel Retail,NYSE,65.66,20,40,71,92
495,ACET,Healthcare,Biotechnology,NASDAQ,65.36,20,9,15,35
496,ARCB,Industrials,Trucking,NASDAQ,65.1,20,27,42,31
497,ACRE,Real Estate,REIT - Mortgage,NYSE,65.06,20,22,32,28
498,AMC,Communication Services,Entertainment,NYSE,64.83,20,20,41,22
499,ARKO,Consumer Cyclical,Specialty Retail,NASDAQ,64.81,19,72,60,33
500,ADV,Communication Services,Advertising Agencies,NASDAQ,64.5,19,19,52,86
501,AQST,Healthcare,Drug Manufacturers - Specialty & Generic,NASDAQ,64.38,19,25,90,96
502,AUID,Technology,Software - Infrastructure,NASDAQ,64.32,19,32,13,32
503,APOG,Industrials,Building Products & Equipment,NASDAQ,64.19,19,22,88,75
504,ANL,Healthcare,Biotechnology,NASDAQ,64.14,19,11,7,5
505,ALOT,Technology,Computer Hardware,NASDAQ,63.79,18,19,38,34
506,ADNT,Consumer Cyclical,Auto Parts,NYSE,63.79,18,17,14,18
507,AMWD,Consumer Cyclical,"Furnishings, Fixtures & Appliances",NASDAQ,63.59,18,27,56,46
508,AVTE,Healthcare,Biotechnology,NASDAQ,63.0,18,23,11,0
509,BBGI,Communication Services,Broadcasting,NASDAQ,62.64,18,10,11,22
510,AMCX,Communication Services,Entertainment,NASDAQ,62.31,18,39,16,14
511,BCDA,Healthcare,Biotechnology,NASDAQ,62.26,18,14,8,6
512,AMN,Healthcare,Medical Care Facilities,NYSE,62.23,17,9,5,26
513,ALVR,Healthcare,Biotechnology,NASDAQ,62.21,17,8,11,19
514,APRE,Healthcare,Biotechnology,NASDAQ,62.21,17,29,13,19
515,ACHV,Healthcare,Biotechnology,NASDAQ,62.0,17,15,29,25
516,AMD,Technology,Semiconductors,NASDAQ,61.78,17,18,29,38
517,ALTG,Industrials,Rental & Leasing Services,NYSE,61.56,17,30,39,16
518,ANEB,Healthcare,Biotechnology,NASDAQ,61.27,16,16,12,20
519,ABTS,Financial Services,Capital Markets,NASDAQ,60.98,16,20,33,12
520,AREC,Basic Materials,Coking Coal,NASDAQ,60.38,16,13,86,5
521,APLS,Healthcare,Biotechnology,NASDAQ,59.94,16,25,15,25
522,AKAN,Healthcare,Drug Manufacturers - Specialty & Generic,NASDAQ,59.42,16,9,4,1
523,AEO,Consumer Cyclical,Apparel Retail,NYSE,59.24,16,21,29,37
524,AIXI,Technology,Software - Application,NASDAQ,59.15,15,16,21,4
525,ANAB,Healthcare,Biotechnology,NASDAQ,59.08,15,12,47,96
526,ARRY,Technology,Solar,NASDAQ,58.96,15,26,13,7
527,AKYA,Healthcare,Medical Instruments & Supplies,NASDAQ,58.46,15,37,16,21
528,APCX,Technology,Software - Infrastructure,NASDAQ,58.2,15,6,5,16
529,ATOS,Healthcare,Biotechnology,NASDAQ,58.08,15,15,69,92
530,BCG,Financial Services,Asset Management,NASDAQ,57.83,14,12,5,4
531,AVDL,Healthcare,Drug Manufacturers - Specialty & Generic,NASDAQ,57.77,14,8,17,45
532,ADCT,Healthcare,Biotechnology,NYSE,57.55,14,8,68,94
533,AMPH,Healthcare,Drug Manufacturers - Specialty & Generic,NASDAQ,57.49,14,20,32,40
534,ARVN,Healthcare,Biotechnology,NASDAQ,56.87,14,11,34,29
535,ADVM,Healthcare,Biotechnology,NASDAQ,56.79,14,8,19,15
536,AYRO,Consumer Cyclical,Auto Manufacturers,NASDAQ,56.58,13,17,12,13
537,ASC,Industrials,Marine Shipping,NYSE,56.51,13,18,11,59
538,AYTU,Healthcare,Drug Manufacturers - Specialty & Generic,NASDAQ,56.29,13,16,10,33
539,AQB,Consumer Defensive,Farm Products,NASDAQ,55.87,13,6,13,6
540,ATRA,Healthcare,Biotechnology,NASDAQ,55.84,13,20,64,11
541,ACLS,Technology,Semiconductor Equipment & Materials,NASDAQ,55.27,13,13,12,21
542,AXTI,Technology,Semiconductor Equipment & Materials,NASDAQ,55.24,13,16,18,23
543,BBLG,Healthcare,Medical Devices,NASDAQ,55.06,12,12,15,10
544,ASTH,Healthcare,Medical Care Facilities,NASDAQ,55.05,12,23,44,85
545,BAK,Basic Materials,Chemicals,NYSE,55.0,12,16,12,29
546,ATXS,Healthcare,Biotechnology,NASDAQ,54.88,12,13,67,92
547,ADAP,Healthcare,Biotechnology,NASDAQ,54.26,12,14,16,83
548,ASPS,Real Estate,Real Estate Services,NASDAQ,53.72,12,6,7,6
549,ANNA,Energy,Oil & Gas E&P,NASDAQ,53.34,11,62,48,49
550,BCLI,Healthcare,Biotechnology,NASDAQ,52.34,11,11,2,15
551,ATNF,Healthcare,Biotechnology,NASDAQ,51.97,11,7,36,15
552,BDTX,Healthcare,Biotechnology,NASDAQ,51.86,11,14,10,94
553,ATKR,Industrials,Electrical Equipment & Parts,NYSE,51.18,11,17,19,11
554,ATLX,Basic Materials,Other Industrial Metals & Mining,NASDAQ,50.67,11,7,8,10
555,BAER,Industrials,Security & Protection Services,NASDAQ,50.64,10,18,19,5
556,AMTX,Energy,Oil & Gas Refining & Marketing,NASDAQ,50.34,10,18,85,12
557,ACHC,Healthcare,Medical Care Facilities,NASDAQ,49.77,10,17,8,55
558,ABLV,Communication Services,Advertising Agencies,NASDAQ,49.42,10,38,7,13
559,AKTX,Healthcare,Biotechnology,NASDAQ,49.25,10,10,5,85
560,BDSX,Healthcare,Diagnostics & Research,NASDAQ,49.24,10,13,27,88
561,AGEN,Healthcare,Biotechnology,NASDAQ,49.08,9,9,4,3
562,AQMS,Industrials,Waste Management,NASDAQ,48.98,9,4,3,5
563,ANY,Financial Services,Capital Markets,NASDAQ,47.56,9,18,91,8
564,AMR,Basic Materials,Coking Coal,NYSE,47.22,9,15,27,17
565,ATNM,Healthcare,Biotechnology,NYSE MKT,47.11,9,4,4,2
566,ASST,Communication Services,Internet Content & Information,NASDAQ,46.76,9,6,0,27
567,BCYC,Healthcare,Biotechnology,NASDAQ,46.66,9,10,43,42
568,ANNX,Healthcare,Biotechnology,NASDAQ,46.48,8,16,75,95
569,ATLN,Healthcare,Diagnostics & Research,NASDAQ,45.98,8,82,69,97
570,ABVE,Consumer Defensive,Packaged Foods,NASDAQ,45.72,8,8,5,1
571,AZUL,Industrials,Airlines,NYSE,45.59,8,11,9,5
572,AIM,Healthcare,Biotechnology,NYSE MKT,44.07,8,11,10,19
573,ABOS,Healthcare,Biotechnology,NASDAQ,44.0,8,7,21,19
574,ASTI,Technology,Solar,NASDAQ,43.58,7,4,6,0
575,APLM,Healthcare,Biotechnology,NASDAQ,43.43,7,5,4,3
576,AUTL,Healthcare,Biotechnology,NASDAQ,42.67,7,7,17,66
577,AIEV,Consumer Cyclical,Auto Manufacturers,NASDAQ,42.11,7,5,2,0
578,AERT,Industrials,Consulting Services,NASDAQ,41.9,7,3,7,30
579,ATPC,Consumer Defensive,Packaged Foods,NASDAQ,41.83,7,9,6,1
580,AMRC,Industrials,Engineering & Construction,NYSE,41.77,6,30,47,50
581,ALEC,Healthcare,Biotechnology,NASDAQ,40.28,6,3,6,30
582,BACK,Healthcare,Medical Care Facilities,NASDAQ,39.74,6,5,10,22
583,ALXO,Healthcare,Biotechnology,NASDAQ,39.67,6,6,3,1
584,ACXP,Healthcare,Biotechnology,NASDAQ,39.22,6,4,7,28
585,AZTR,Healthcare,Biotechnology,NYSE MKT,38.77,6,2,3,0
586,ALMS,Healthcare,Biotechnology,NASDAQ,38.37,5,9,14,30
587,ALAR,Technology,Software - Infrastructure,NASDAQ,38.19,5,12,71,88
588,APDN,Healthcare,Diagnostics & Research,NASDAQ,38.0,5,3,0,44
589,ASPN,Industrials,Building Products & Equipment,NYSE,37.99,5,18,18,98
590,ANRO,Healthcare,Biotechnology,NYSE,36.2,5,13,2,28
591,ATXI,Healthcare,Biotechnology,NASDAQ,35.62,5,5,6,6
592,BDRX,Healthcare,Biotechnology,NASDAQ,34.7,4,4,1,2
593,ALZN,Healthcare,Biotechnology,NASDAQ,34.68,4,5,2,2
594,BATL,Energy,Oil & Gas E&P,NYSE MKT,33.84,4,4,21,9
595,AUUD,Technology,Software - Application,NASDAQ,33.35,4,6,3,6
596,ARTV,Healthcare,Biotechnology,NASDAQ,32.75,4,7,59,44
597,ATHA,Healthcare,Biotechnology,NASDAQ,32.08,4,10,1,1
598,APTO,Healthcare,Biotechnology,NASDAQ,29.77,4,3,1,2
599,ARBK,Financial Services,Capital Markets,NASDAQ,28.99,3,3,23,19
600,ALLR,Healthcare,Biotechnology,NASDAQ,28.2,3,4,0,0
601,AZI,Consumer Cyclical,Auto & Truck Dealerships,NASDAQ,27.88,3,11,4,17
602,ALLK,Healthcare,Biotechnology,NASDAQ,26.25,3,1,46,7
603,AFMD,Healthcare,Biotechnology,NASDAQ,26.1,3,1,9,16
604,ANVS,Healthcare,Biotechnology,NYSE,23.9,3,10,20,35
605,AMIX,Healthcare,Medical Devices,NASDAQ,23.58,2,0,0,4
606,AGRI,Consumer Defensive,Farm Products,NASDAQ,23.44,2,3,3,4
607,AREB,Consumer Cyclical,Footwear & Accessories,NASDAQ,23.31,2,5,9,84
608,AEHL,Industrials,Building Products & Equipment,NASDAQ,21.73,2,1,0,30
609,AGMH,Technology,Computer Hardware,NASDAQ,21.55,2,15,81,41
610,AIFU,Financial Services,Insurance Brokers,NASDAQ,20.26,2,1,9,4
611,APVO,Healthcare,Biotechnology,NASDAQ,19.9,1,2,4,1
612,ADGM,Healthcare,Medical Devices,NASDAQ,19.46,1,1,4,9
613,ALUR,Healthcare,Medical Devices,NYSE,18.52,1,1,2,3
614,BCAB,Healthcare,Biotechnology,NASDAQ,17.47,1,2,25,42
615,AMOD,Technology,Software - Application,NASDAQ,16.29,1,2,71,52
616,ATCH,Technology,Software - Infrastructure,NYSE MKT,16.02,1,2,5,0
617,AWH,Healthcare,Diagnostics & Research,NASDAQ,13.84,0,2,8,4
618,ADD,Communication Services,Entertainment,NASDAQ,12.22,0,0,0,98
619,ABP,Healthcare,Biotechnology,NASDAQ,11.06,0,0,1,55
620,ADTX,Healthcare,Biotechnology,NASDAQ,7.09,0,0,0,0
621,APLT,Healthcare,Biotechnology,NASDAQ,6.94,0,0,6,97
622,ACON,Healthcare,Health Information Services,NASDAQ,4.01,0,0,9,4
623,AEON,Healthcare,Biotechnology,NYSE MKT,1.06,0,0,2,2
